-- phpMyAdmin SQL Dump
-- version 5.2.1
-- https://www.phpmyadmin.net/
--
-- Host: localhost
-- Generation Time: Dec 04, 2025 at 03:51 AM
-- Server version: 10.4.28-MariaDB
-- PHP Version: 8.2.4

SET SQL_MODE = "NO_AUTO_VALUE_ON_ZERO";
START TRANSACTION;
SET time_zone = "+00:00";


/*!40101 SET @OLD_CHARACTER_SET_CLIENT=@@CHARACTER_SET_CLIENT */;
/*!40101 SET @OLD_CHARACTER_SET_RESULTS=@@CHARACTER_SET_RESULTS */;
/*!40101 SET @OLD_COLLATION_CONNECTION=@@COLLATION_CONNECTION */;
/*!40101 SET NAMES utf8mb4 */;

--
-- Database: `laundry`
--

-- --------------------------------------------------------

--
-- Table structure for table `admin`
--

CREATE TABLE `admin` (
  `id` int(11) NOT NULL,
  `username` varchar(255) NOT NULL,
  `password` varchar(255) NOT NULL
) ENGINE=InnoDB DEFAULT CHARSET=utf8mb4 COLLATE=utf8mb4_general_ci;

--
-- Dumping data for table `admin`
--

INSERT INTO `admin` (`id`, `username`, `password`) VALUES
(1, 'admin', '0192023a7bbd73250516f069df18b500');

-- --------------------------------------------------------

--
-- Table structure for table `harga`
--

CREATE TABLE `harga` (
  `harga_per_kilo` int(11) NOT NULL
) ENGINE=InnoDB DEFAULT CHARSET=utf8mb4 COLLATE=utf8mb4_general_ci;

--
-- Dumping data for table `harga`
--

INSERT INTO `harga` (`harga_per_kilo`) VALUES
(10000);

-- --------------------------------------------------------

--
-- Table structure for table `pakaian`
--

CREATE TABLE `pakaian` (
  `pakaian_id` int(11) NOT NULL,
  `pakaian_transaksi` int(255) NOT NULL,
  `pakaian_jenis` varchar(255) NOT NULL,
  `pakaian_jumlah` int(255) NOT NULL
) ENGINE=InnoDB DEFAULT CHARSET=utf8mb4 COLLATE=utf8mb4_general_ci;

--
-- Dumping data for table `pakaian`
--

INSERT INTO `pakaian` (`pakaian_id`, `pakaian_transaksi`, `pakaian_jenis`, `pakaian_jumlah`) VALUES
(1, 2, 'Rok Pendek', 5),
(2, 2, 'Celana Jeans', 5),
(3, 2, 'Kemeja', 5),
(4, 3, 'Rok Pendek', 5),
(5, 3, 'Celana Jeans', 5),
(6, 3, 'Kemeja', 5),
(7, 4, 'Rok Pendek', 2),
(8, 4, 'Baju Kaos', 2),
(9, 5, 'Rok Pendek', 1),
(10, 5, 'Celana Jeans', 2),
(11, 5, 'Hoodie', 3);

-- --------------------------------------------------------

--
-- Table structure for table `pelanggan`
--

CREATE TABLE `pelanggan` (
  `pelanggan_id` int(11) NOT NULL,
  `pelanggan_nama` varchar(255) NOT NULL,
  `pelanggan_hp` varchar(20) NOT NULL,
  `pelanggan_alamat` text NOT NULL
) ENGINE=InnoDB DEFAULT CHARSET=utf8mb4 COLLATE=utf8mb4_general_ci;

--
-- Dumping data for table `pelanggan`
--

INSERT INTO `pelanggan` (`pelanggan_id`, `pelanggan_nama`, `pelanggan_hp`, `pelanggan_alamat`) VALUES
(2, 'Gexiuer asvia', '08967554354', 'Qingyi River'),
(3, 'Yuki', '08918266399', 'Tokyo');

-- --------------------------------------------------------

--
-- Table structure for table `transaksi`
--

CREATE TABLE `transaksi` (
  `transaksi_id` int(11) NOT NULL,
  `transaksi_tgl` date NOT NULL,
  `transaksi_pelanggan` int(255) NOT NULL,
  `transaksi_harga` int(255) NOT NULL,
  `transaksi_berat` int(255) NOT NULL,
  `transaksi_tgl_selesai` date NOT NULL,
  `transaksi_status` int(255) NOT NULL
) ENGINE=InnoDB DEFAULT CHARSET=utf8mb4 COLLATE=utf8mb4_general_ci;

--
-- Dumping data for table `transaksi`
--

INSERT INTO `transaksi` (`transaksi_id`, `transaksi_tgl`, `transaksi_pelanggan`, `transaksi_harga`, `transaksi_berat`, `transaksi_tgl_selesai`, `transaksi_status`) VALUES
(1, '2025-12-02', 2, 500000, 50, '2025-12-02', 0),
(2, '2025-12-02', 2, 500000, 50, '2025-12-02', 0),
(3, '2025-12-02', 2, 500000, 50, '2025-12-02', 0),
(4, '2025-12-02', 3, 100000, 10, '2025-12-03', 0),
(5, '2025-12-02', 2, 200000, 20, '2025-12-03', 0);

--
-- Indexes for dumped tables
--

--
-- Indexes for table `admin`
--
ALTER TABLE `admin`
  ADD PRIMARY KEY (`id`);

--
-- Indexes for table `pakaian`
--
ALTER TABLE `pakaian`
  ADD PRIMARY KEY (`pakaian_id`);

--
-- Indexes for table `pelanggan`
--
ALTER TABLE `pelanggan`
  ADD PRIMARY KEY (`pelanggan_id`);

--
-- Indexes for table `transaksi`
--
ALTER TABLE `transaksi`
  ADD PRIMARY KEY (`transaksi_id`);

--
-- AUTO_INCREMENT for dumped tables
--

--
-- AUTO_INCREMENT for table `admin`
--
ALTER TABLE `admin`
  MODIFY `id` int(11) NOT NULL AUTO_INCREMENT, AUTO_INCREMENT=2;

--
-- AUTO_INCREMENT for table `pakaian`
--
ALTER TABLE `pakaian`
  MODIFY `pakaian_id` int(11) NOT NULL AUTO_INCREMENT, AUTO_INCREMENT=12;

--
-- AUTO_INCREMENT for table `pelanggan`
--
ALTER TABLE `pelanggan`
  MODIFY `pelanggan_id` int(11) NOT NULL AUTO_INCREMENT, AUTO_INCREMENT=4;

--
-- AUTO_INCREMENT for table `transaksi`
--
ALTER TABLE `transaksi`
  MODIFY `transaksi_id` int(11) NOT NULL AUTO_INCREMENT, AUTO_INCREMENT=6;

--
-- Constraints for dumped tables
--

--
-- Constraints for table `pakaian`
--
ALTER TABLE `pakaian`
  ADD CONSTRAINT `pakaian_ibfk_1` FOREIGN KEY (`pakaian_transaksi`) REFERENCES `transaksi` (`transaksi_id`);

--
-- Constraints for table `transaksi`
--
ALTER TABLE `transaksi`
  ADD CONSTRAINT `transaksi_ibfk_1` FOREIGN KEY (`transaksi_pelanggan`) REFERENCES `pelanggan` (`pelanggan_id`);
COMMIT;

/*!40101 SET CHARACTER_SET_CLIENT=@OLD_CHARACTER_SET_CLIENT */;
/*!40101 SET CHARACTER_SET_RESULTS=@OLD_CHARACTER_SET_RESULTS */;
/*!40101 SET COLLATION_CONNECTION=@OLD_COLLATION_CONNECTION */;
